,TestedMolecule,predicted_log(N),predicted_Tex,descaled_predicted_log(N),descaled_predicted_Tex,min_mae,model_file
0,CO,0.8246341347694397,0.03343351557850838,18.514610290527344,17.455034255981445,0.0850817263126373,..\models\CO_32000TRN_6400TST_0.01NOISE_1000MaxEpochs\CO_32000TRN_6400TST_0.01NOISE_1000MaxEpochs_swish_triple-1024_convFalse.h5
1,HCO+,0.2509147524833679,0.029400179162621498,13.982226371765137,16.555675506591797,0.0416977554559707,..\models\HCO+_32000TRN_6400TST_0.02NOISE_1000MaxEpochs\HCO+_32000TRN_6400TST_0.02NOISE_1000MaxEpochs_relu_triple-256_convFalse.h5
2,SiO,0.14857140183448792,0.03432583063840866,13.173714637756348,17.654003143310547,0.0358921401202678,..\models\SiO_32000TRN_6400TST_0.01NOISE_1000MaxEpochs\SiO_32000TRN_6400TST_0.01NOISE_1000MaxEpochs_relu_triple-1024_convFalse.h5
3,CH3CN,0.1765773892402649,0.21952968835830688,13.3949613571167,58.9509162902832,0.0158131495118141,..\models\CH3CN_32000TRN_6400TST_0.01NOISE_1000MaxEpochs\CH3CN_32000TRN_6400TST_0.01NOISE_1000MaxEpochs_sigmoid_triple-1024_convFalse.h5
